application_id,decision_at,vintage,segment,raw_pd,calibrated_pd
CV202407-0000,2024-07-01,2024-07,retail,0.1280196731,0.0941176471
CV202407-0001,2024-07-01,2024-07,small_business,0.2925260795,0.2105263158
CV202407-0002,2024-07-01,2024-07,retail,0.2273489226,0.1929824561
CV202407-0003,2024-07-01,2024-07,retail,0.168019604,0.1428571429
CV202407-0004,2024-07-01,2024-07,retail,0.2456993897,0.2105263158
CV202407-0005,2024-07-01,2024-07,retail,0.3217886886,0.3333333333
CV202407-0006,2024-07-01,2024-07,small_business,0.1664865647,0.1428571429
CV202407-0007,2024-07-01,2024-07,retail,0.2457688734,0.2105263158
CV202407-0008,2024-07-01,2024-07,small_business,0.2508558859,0.2105263158
CV202407-0009,2024-07-01,2024-07,retail,0.111632972,0.0941176471
CV202407-0010,2024-07-01,2024-07,retail,0.0922441042,0.0941176471
CV202407-0011,2024-07-01,2024-07,small_business,0.163907727,0.1428571429
CV202407-0012,2024-07-01,2024-07,small_business,0.1007558438,0.0941176471
CV202407-0013,2024-07-01,2024-07,retail,0.2278242055,0.1929824561
CV202407-0014,2024-07-01,2024-07,retail,0.3202485553,0.3333333333
CV202407-0015,2024-07-01,2024-07,retail,0.1296020417,0.1428571429
CV202407-0016,2024-07-01,2024-07,small_business,0.1791208226,0.1428571429
CV202407-0017,2024-07-01,2024-07,retail,0.3110999266,0.3333333333
CV202407-0018,2024-07-01,2024-07,small_business,0.4012476005,0.6486768788
CV202407-0019,2024-07-01,2024-07,retail,0.2260234786,0.1929824561
CV202407-0020,2024-07-01,2024-07,small_business,0.2198986719,0.1929824561
CV202407-0021,2024-07-01,2024-07,retail,0.1101628656,0.0941176471
CV202407-0022,2024-07-01,2024-07,small_business,0.1918374007,0.1428571429
CV202407-0023,2024-07-01,2024-07,retail,0.1829855286,0.1428571429
CV202407-0024,2024-07-01,2024-07,retail,0.0887703875,0.0941176471
CV202407-0025,2024-07-01,2024-07,small_business,0.2086441759,0.1428571429
CV202407-0026,2024-07-01,2024-07,retail,0.2593402186,0.2105263158
CV202407-0027,2024-07-01,2024-07,small_business,0.2094194952,0.153578543
CV202407-0028,2024-07-01,2024-07,retail,0.1989271496,0.1428571429
CV202407-0029,2024-07-01,2024-07,retail,0.256979238,0.2105263158
CV202407-0030,2024-07-01,2024-07,small_business,0.368589909,0.5
CV202407-0031,2024-07-01,2024-07,retail,0.0798987957,0.0
CV202407-0032,2024-07-01,2024-07,retail,0.1718103556,0.1428571429
CV202407-0033,2024-07-01,2024-07,small_business,0.1811376592,0.1428571429
CV202407-0034,2024-07-01,2024-07,retail,0.1679797932,0.1428571429
CV202407-0035,2024-07-01,2024-07,small_business,0.1313863007,0.1428571429
CV202407-0036,2024-07-01,2024-07,small_business,0.1445363368,0.1428571429
CV202407-0037,2024-07-01,2024-07,retail,0.097089577,0.0941176471
CV202407-0038,2024-07-01,2024-07,retail,0.1050578479,0.0941176471
CV202407-0039,2024-07-01,2024-07,small_business,0.2155645771,0.1929824561
CV202407-0040,2024-07-01,2024-07,retail,0.1177554305,0.0941176471
CV202407-0041,2024-07-01,2024-07,retail,0.2112093765,0.1666666667
CV202407-0042,2024-07-01,2024-07,retail,0.3883375382,0.5
CV202407-0043,2024-07-01,2024-07,small_business,0.2085489775,0.1428571429
CV202407-0044,2024-07-01,2024-07,retail,0.1184056554,0.0941176471
CV202407-0045,2024-07-01,2024-07,retail,0.2083557683,0.1428571429
CV202407-0046,2024-07-01,2024-07,retail,0.1366306485,0.1428571429
CV202407-0047,2024-07-01,2024-07,retail,0.1482511538,0.1428571429
CV202407-0048,2024-07-01,2024-07,retail,0.3371804292,0.4391710046
CV202407-0049,2024-07-01,2024-07,small_business,0.3291556717,0.3333333333
CV202407-0050,2024-07-01,2024-07,retail,0.1980322673,0.1428571429
CV202407-0051,2024-07-01,2024-07,retail,0.0940565739,0.0941176471
CV202407-0052,2024-07-01,2024-07,small_business,0.1468249054,0.1428571429
CV202407-0053,2024-07-01,2024-07,small_business,0.1808035356,0.1428571429
CV202407-0054,2024-07-01,2024-07,retail,0.0903343808,0.0941176471
CV202407-0055,2024-07-01,2024-07,retail,0.1874682836,0.1428571429
CV202407-0056,2024-07-01,2024-07,small_business,0.2063920606,0.1428571429
CV202407-0057,2024-07-01,2024-07,retail,0.174027344,0.1428571429
CV202407-0058,2024-07-01,2024-07,small_business,0.3857752811,0.5
CV202407-0059,2024-07-01,2024-07,small_business,0.3493553066,0.4545454545
CV202407-0060,2024-07-01,2024-07,retail,0.1509271811,0.1428571429
CV202407-0061,2024-07-01,2024-07,retail,0.0873625583,0.0
CV202407-0062,2024-07-01,2024-07,retail,0.1641457355,0.1428571429
CV202407-0063,2024-07-01,2024-07,retail,0.1066388813,0.0941176471
CV202407-0064,2024-07-01,2024-07,small_business,0.3671412082,0.5
CV202407-0065,2024-07-01,2024-07,retail,0.119863156,0.0941176471
CV202407-0066,2024-07-01,2024-07,retail,0.1282601041,0.1022321965
CV202407-0067,2024-07-01,2024-07,small_business,0.3060928262,0.3333333333
CV202407-0068,2024-07-01,2024-07,small_business,0.3472287073,0.4545454545
CV202407-0069,2024-07-01,2024-07,retail,0.118554332,0.0941176471
CV202407-0070,2024-07-01,2024-07,retail,0.0752565676,0.0
CV202407-0071,2024-07-01,2024-07,retail,0.1747465823,0.1428571429
CV202407-0072,2024-07-01,2024-07,retail,0.2144761513,0.1929824561
CV202407-0073,2024-07-01,2024-07,retail,0.2133402209,0.1929824561
CV202407-0074,2024-07-01,2024-07,small_business,0.2556932016,0.2105263158
CV202407-0075,2024-07-01,2024-07,retail,0.1296779295,0.1428571429
CV202407-0076,2024-07-01,2024-07,retail,0.1886278884,0.1428571429
CV202407-0077,2024-07-01,2024-07,retail,0.1170294814,0.0941176471
CV202407-0078,2024-07-01,2024-07,retail,0.187663982,0.1428571429
CV202407-0079,2024-07-01,2024-07,small_business,0.1839534711,0.1428571429
CV202408-0000,2024-08-01,2024-08,retail,0.2445428716,0.2105263158
CV202408-0001,2024-08-01,2024-08,retail,0.0934697251,0.0941176471
CV202408-0002,2024-08-01,2024-08,retail,0.2387465914,0.1929824561
CV202408-0003,2024-08-01,2024-08,retail,0.1852766503,0.1428571429
CV202408-0004,2024-08-01,2024-08,small_business,0.21229735,0.1666666667
CV202408-0005,2024-08-01,2024-08,retail,0.1156029786,0.0941176471
CV202408-0006,2024-08-01,2024-08,retail,0.2720072054,0.2105263158
CV202408-0007,2024-08-01,2024-08,retail,0.0934057699,0.0941176471
CV202408-0008,2024-08-01,2024-08,retail,0.1158739394,0.0941176471
CV202408-0009,2024-08-01,2024-08,small_business,0.2965147063,0.2688330544
CV202408-0010,2024-08-01,2024-08,retail,0.0919987479,0.0941176471
CV202408-0011,2024-08-01,2024-08,retail,0.1852500634,0.1428571429
CV202408-0012,2024-08-01,2024-08,retail,0.1688144912,0.1428571429
CV202408-0013,2024-08-01,2024-08,retail,0.3179237563,0.3333333333
CV202408-0014,2024-08-01,2024-08,small_business,0.3423321373,0.4545454545
CV202408-0015,2024-08-01,2024-08,small_business,0.1567448054,0.1428571429
CV202408-0016,2024-08-01,2024-08,retail,0.269620435,0.2105263158
CV202408-0017,2024-08-01,2024-08,retail,0.2752106476,0.2105263158
CV202408-0018,2024-08-01,2024-08,retail,0.0730369832,0.0
CV202408-0019,2024-08-01,2024-08,retail,0.1042134362,0.0941176471
CV202408-0020,2024-08-01,2024-08,retail,0.1141419716,0.0941176471
CV202408-0021,2024-08-01,2024-08,retail,0.2443239416,0.2105263158
CV202408-0022,2024-08-01,2024-08,retail,0.2760915378,0.2105263158
CV202408-0023,2024-08-01,2024-08,retail,0.1544328681,0.1428571429
CV202408-0024,2024-08-01,2024-08,retail,0.0768440443,0.0
CV202408-0025,2024-08-01,2024-08,retail,0.1461973683,0.1428571429
CV202408-0026,2024-08-01,2024-08,small_business,0.2351357488,0.1929824561
CV202408-0027,2024-08-01,2024-08,retail,0.236822411,0.1929824561
CV202408-0028,2024-08-01,2024-08,retail,0.0838722018,0.0
CV202408-0029,2024-08-01,2024-08,small_business,0.2314876665,0.1929824561
CV202408-0030,2024-08-01,2024-08,retail,0.2324621842,0.1929824561
CV202408-0031,2024-08-01,2024-08,retail,0.1141841191,0.0941176471
CV202408-0032,2024-08-01,2024-08,small_business,0.2252272129,0.1929824561
CV202408-0033,2024-08-01,2024-08,retail,0.186980252,0.1428571429
CV202408-0034,2024-08-01,2024-08,retail,0.1362790833,0.1428571429
CV202408-0035,2024-08-01,2024-08,retail,0.2282582678,0.1929824561
CV202408-0036,2024-08-01,2024-08,retail,0.1076217385,0.0941176471
CV202408-0037,2024-08-01,2024-08,small_business,0.4327862972,0.6551724138
CV202408-0038,2024-08-01,2024-08,retail,0.1239510007,0.0941176471
CV202408-0039,2024-08-01,2024-08,retail,0.1168384212,0.0941176471
CV202408-0040,2024-08-01,2024-08,retail,0.1136695737,0.0941176471
CV202408-0041,2024-08-01,2024-08,retail,0.213711564,0.1929824561
CV202408-0042,2024-08-01,2024-08,retail,0.0959240918,0.0941176471
CV202408-0043,2024-08-01,2024-08,small_business,0.4273484639,0.6551724138
CV202408-0044,2024-08-01,2024-08,small_business,0.1425059882,0.1428571429
CV202408-0045,2024-08-01,2024-08,small_business,0.1420276186,0.1428571429
CV202408-0046,2024-08-01,2024-08,retail,0.2927214665,0.2105263158
CV202408-0047,2024-08-01,2024-08,retail,0.3152071262,0.3333333333
CV202408-0048,2024-08-01,2024-08,retail,0.2422567126,0.2105263158
CV202408-0049,2024-08-01,2024-08,retail,0.1002574858,0.0941176471
CV202408-0050,2024-08-01,2024-08,small_business,0.2505661505,0.2105263158
CV202408-0051,2024-08-01,2024-08,retail,0.3595465688,0.5
CV202408-0052,2024-08-01,2024-08,small_business,0.2236182523,0.1929824561
CV202408-0053,2024-08-01,2024-08,retail,0.1611620037,0.1428571429
CV202408-0054,2024-08-01,2024-08,retail,0.1572734471,0.1428571429
CV202408-0055,2024-08-01,2024-08,retail,0.208079545,0.1428571429
CV202408-0056,2024-08-01,2024-08,small_business,0.2015105914,0.1428571429
CV202408-0057,2024-08-01,2024-08,small_business,0.1383182095,0.1428571429
CV202408-0058,2024-08-01,2024-08,retail,0.080964096,0.0
CV202408-0059,2024-08-01,2024-08,retail,0.1956372868,0.1428571429
CV202408-0060,2024-08-01,2024-08,small_business,0.4133239354,0.6551724138
CV202408-0061,2024-08-01,2024-08,retail,0.2125805054,0.1667101599
CV202408-0062,2024-08-01,2024-08,retail,0.0977147621,0.0941176471
CV202408-0063,2024-08-01,2024-08,retail,0.2268088987,0.1929824561
CV202408-0064,2024-08-01,2024-08,retail,0.2006322616,0.1428571429
CV202408-0065,2024-08-01,2024-08,small_business,0.0925152943,0.0941176471
CV202408-0066,2024-08-01,2024-08,retail,0.2418935699,0.2045180111
CV202408-0067,2024-08-01,2024-08,small_business,0.2890502241,0.2105263158
CV202408-0068,2024-08-01,2024-08,retail,0.2131727244,0.1929824561
CV202408-0069,2024-08-01,2024-08,retail,0.1847355812,0.1428571429
CV202408-0070,2024-08-01,2024-08,retail,0.1615998339,0.1428571429
CV202408-0071,2024-08-01,2024-08,small_business,0.3976831866,0.5995356336
CV202408-0072,2024-08-01,2024-08,small_business,0.2560729699,0.2105263158
CV202408-0073,2024-08-01,2024-08,retail,0.1484136655,0.1428571429
CV202408-0074,2024-08-01,2024-08,retail,0.17058917,0.1428571429
CV202408-0075,2024-08-01,2024-08,retail,0.1545777062,0.1428571429
CV202408-0076,2024-08-01,2024-08,retail,0.0827616077,0.0
CV202408-0077,2024-08-01,2024-08,retail,0.0748069731,0.0
CV202408-0078,2024-08-01,2024-08,retail,0.0835970103,0.0
CV202408-0079,2024-08-01,2024-08,retail,0.089532243,0.0941176471
CV202409-0000,2024-09-01,2024-09,retail,0.0999487304,0.0941176471
CV202409-0001,2024-09-01,2024-09,retail,0.1866760301,0.1428571429
CV202409-0002,2024-09-01,2024-09,small_business,0.4832698386,0.6551724138
CV202409-0003,2024-09-01,2024-09,retail,0.1389954361,0.1428571429
CV202409-0004,2024-09-01,2024-09,retail,0.1405176563,0.1428571429
CV202409-0005,2024-09-01,2024-09,retail,0.2059137305,0.1428571429
CV202409-0006,2024-09-01,2024-09,retail,0.0749346968,0.0
CV202409-0007,2024-09-01,2024-09,retail,0.1962047689,0.1428571429
CV202409-0008,2024-09-01,2024-09,small_business,0.1370140604,0.1428571429
CV202409-0009,2024-09-01,2024-09,small_business,0.5153191414,0.6551724138
CV202409-0010,2024-09-01,2024-09,retail,0.0923530835,0.0941176471
CV202409-0011,2024-09-01,2024-09,retail,0.0666211215,0.0
CV202409-0012,2024-09-01,2024-09,retail,0.0887210731,0.0941176471
CV202409-0013,2024-09-01,2024-09,retail,0.1958416797,0.1428571429
CV202409-0014,2024-09-01,2024-09,retail,0.2517654322,0.2105263158
CV202409-0015,2024-09-01,2024-09,small_business,0.121315628,0.0941176471
CV202409-0016,2024-09-01,2024-09,retail,0.3091528252,0.3333333333
CV202409-0017,2024-09-01,2024-09,retail,0.1795982548,0.1428571429
CV202409-0018,2024-09-01,2024-09,retail,0.2917083231,0.2105263158
CV202409-0019,2024-09-01,2024-09,retail,0.173089086,0.1428571429
CV202409-0020,2024-09-01,2024-09,retail,0.1491803023,0.1428571429
CV202409-0021,2024-09-01,2024-09,retail,0.113487944,0.0941176471
CV202409-0022,2024-09-01,2024-09,retail,0.1842025194,0.1428571429
CV202409-0023,2024-09-01,2024-09,small_business,0.1752630814,0.1428571429
CV202409-0024,2024-09-01,2024-09,retail,0.1268473848,0.0941176471
CV202409-0025,2024-09-01,2024-09,retail,0.0792056382,0.0
CV202409-0026,2024-09-01,2024-09,retail,0.2241994751,0.1929824561
CV202409-0027,2024-09-01,2024-09,retail,0.111083216,0.0941176471
CV202409-0028,2024-09-01,2024-09,retail,0.1132150252,0.0941176471
CV202409-0029,2024-09-01,2024-09,retail,0.3608315046,0.5
CV202409-0030,2024-09-01,2024-09,retail,0.2120401255,0.1666666667
CV202409-0031,2024-09-01,2024-09,retail,0.0965363052,0.0941176471
CV202409-0032,2024-09-01,2024-09,retail,0.1184311876,0.0941176471
CV202409-0033,2024-09-01,2024-09,small_business,0.1325371195,0.1428571429
CV202409-0034,2024-09-01,2024-09,retail,0.2543573707,0.2105263158
CV202409-0035,2024-09-01,2024-09,retail,0.2073492929,0.1428571429
CV202409-0036,2024-09-01,2024-09,retail,0.1645639867,0.1428571429
CV202409-0037,2024-09-01,2024-09,small_business,0.1693183384,0.1428571429
CV202409-0038,2024-09-01,2024-09,small_business,0.1816658083,0.1428571429
CV202409-0039,2024-09-01,2024-09,retail,0.0702650002,0.0
CV202409-0040,2024-09-01,2024-09,small_business,0.3745156481,0.5
CV202409-0041,2024-09-01,2024-09,retail,0.1238006573,0.0941176471
CV202409-0042,2024-09-01,2024-09,retail,0.1323273022,0.1428571429
CV202409-0043,2024-09-01,2024-09,small_business,0.3264051881,0.3333333333
CV202409-0044,2024-09-01,2024-09,retail,0.3484895005,0.4545454545
CV202409-0045,2024-09-01,2024-09,retail,0.0883979357,0.0860013018
CV202409-0046,2024-09-01,2024-09,retail,0.0848725099,0.0
CV202409-0047,2024-09-01,2024-09,retail,0.3898167414,0.5
CV202409-0048,2024-09-01,2024-09,retail,0.1408887803,0.1428571429
CV202409-0049,2024-09-01,2024-09,retail,0.1684948028,0.1428571429
CV202409-0050,2024-09-01,2024-09,retail,0.0630555443,0.0
CV202409-0051,2024-09-01,2024-09,retail,0.0925710527,0.0941176471
CV202409-0052,2024-09-01,2024-09,retail,0.2120138932,0.1666666667
CV202409-0053,2024-09-01,2024-09,retail,0.143437788,0.1428571429
CV202409-0054,2024-09-01,2024-09,small_business,0.1257487384,0.0941176471
CV202409-0055,2024-09-01,2024-09,small_business,0.1336811601,0.1428571429
CV202409-0056,2024-09-01,2024-09,retail,0.1267088303,0.0941176471
CV202409-0057,2024-09-01,2024-09,retail,0.2187365506,0.1929824561
CV202409-0058,2024-09-01,2024-09,retail,0.1633283332,0.1428571429
CV202409-0059,2024-09-01,2024-09,small_business,0.1137640923,0.0941176471
CV202409-0060,2024-09-01,2024-09,retail,0.2027930635,0.1428571429
CV202409-0061,2024-09-01,2024-09,small_business,0.1491698992,0.1428571429
CV202409-0062,2024-09-01,2024-09,retail,0.1907378235,0.1428571429
CV202409-0063,2024-09-01,2024-09,retail,0.2126718033,0.1730647149
CV202409-0064,2024-09-01,2024-09,small_business,0.2467004753,0.2105263158
CV202409-0065,2024-09-01,2024-09,retail,0.1005146778,0.0941176471
CV202409-0066,2024-09-01,2024-09,retail,0.2033301912,0.1428571429
CV202409-0067,2024-09-01,2024-09,retail,0.1898263325,0.1428571429
CV202409-0068,2024-09-01,2024-09,retail,0.2175044582,0.1929824561
CV202409-0069,2024-09-01,2024-09,retail,0.2266012187,0.1929824561
CV202409-0070,2024-09-01,2024-09,retail,0.2238722928,0.1929824561
CV202409-0071,2024-09-01,2024-09,retail,0.1358486338,0.1428571429
CV202409-0072,2024-09-01,2024-09,retail,0.0738226239,0.0
CV202409-0073,2024-09-01,2024-09,retail,0.1548100807,0.1428571429
CV202409-0074,2024-09-01,2024-09,small_business,0.1672873263,0.1428571429
CV202409-0075,2024-09-01,2024-09,retail,0.1142692973,0.0941176471
CV202409-0076,2024-09-01,2024-09,retail,0.1618874674,0.1428571429
CV202409-0077,2024-09-01,2024-09,small_business,0.1818855982,0.1428571429
CV202409-0078,2024-09-01,2024-09,small_business,0.4871849979,0.6551724138
CV202409-0079,2024-09-01,2024-09,retail,0.1355808565,0.1428571429
CV202410-0000,2024-10-01,2024-10,retail,0.1422004813,0.1428571429
CV202410-0001,2024-10-01,2024-10,retail,0.3001296631,0.3333333333
CV202410-0002,2024-10-01,2024-10,retail,0.2350362043,0.1929824561
CV202410-0003,2024-10-01,2024-10,retail,0.2539474925,0.2105263158
CV202410-0004,2024-10-01,2024-10,small_business,0.4357107499,0.6551724138
CV202410-0005,2024-10-01,2024-10,retail,0.2850909848,0.2105263158
CV202410-0006,2024-10-01,2024-10,retail,0.1851668873,0.1428571429
CV202410-0007,2024-10-01,2024-10,retail,0.1426457568,0.1428571429
CV202410-0008,2024-10-01,2024-10,retail,0.2465777977,0.2105263158
CV202410-0009,2024-10-01,2024-10,retail,0.1293102718,0.1428571429
CV202410-0010,2024-10-01,2024-10,retail,0.106023975,0.0941176471
CV202410-0011,2024-10-01,2024-10,small_business,0.3653426071,0.5
CV202410-0012,2024-10-01,2024-10,retail,0.099500878,0.0941176471
CV202410-0013,2024-10-01,2024-10,retail,0.1829949448,0.1428571429
CV202410-0014,2024-10-01,2024-10,retail,0.0625268547,0.0
CV202410-0015,2024-10-01,2024-10,small_business,0.1512848197,0.1428571429
CV202410-0016,2024-10-01,2024-10,retail,0.227792376,0.1929824561
CV202410-0017,2024-10-01,2024-10,retail,0.2053132019,0.1428571429
CV202410-0018,2024-10-01,2024-10,retail,0.1013880412,0.0941176471
CV202410-0019,2024-10-01,2024-10,small_business,0.313362768,0.3333333333
CV202410-0020,2024-10-01,2024-10,retail,0.1694989966,0.1428571429
CV202410-0021,2024-10-01,2024-10,retail,0.2266663956,0.1929824561
CV202410-0022,2024-10-01,2024-10,retail,0.2575525409,0.2105263158
CV202410-0023,2024-10-01,2024-10,retail,0.1541812021,0.1428571429
CV202410-0024,2024-10-01,2024-10,retail,0.1225989828,0.0941176471
CV202410-0025,2024-10-01,2024-10,small_business,0.3740138061,0.5
CV202410-0026,2024-10-01,2024-10,retail,0.1807532208,0.1428571429
CV202410-0027,2024-10-01,2024-10,small_business,0.1421135654,0.1428571429
CV202410-0028,2024-10-01,2024-10,retail,0.2580894782,0.2105263158
CV202410-0029,2024-10-01,2024-10,retail,0.3089511461,0.3333333333
CV202410-0030,2024-10-01,2024-10,retail,0.120195234,0.0941176471
CV202410-0031,2024-10-01,2024-10,retail,0.1835961396,0.1428571429
CV202410-0032,2024-10-01,2024-10,small_business,0.18626405,0.1428571429
CV202410-0033,2024-10-01,2024-10,retail,0.0833870329,0.0
CV202410-0034,2024-10-01,2024-10,retail,0.2920914886,0.2105263158
CV202410-0035,2024-10-01,2024-10,retail,0.0985941473,0.0941176471
CV202410-0036,2024-10-01,2024-10,retail,0.3209070883,0.3333333333
CV202410-0037,2024-10-01,2024-10,retail,0.2227354275,0.1929824561
CV202410-0038,2024-10-01,2024-10,retail,0.2136815551,0.1929824561
CV202410-0039,2024-10-01,2024-10,small_business,0.2227877667,0.1929824561
CV202410-0040,2024-10-01,2024-10,retail,0.0731592947,0.0
CV202410-0041,2024-10-01,2024-10,retail,0.3068068177,0.3333333333
CV202410-0042,2024-10-01,2024-10,retail,0.1109662301,0.0941176471
CV202410-0043,2024-10-01,2024-10,retail,0.2414650421,0.1961081011
CV202410-0044,2024-10-01,2024-10,retail,0.1803312783,0.1428571429
CV202410-0045,2024-10-01,2024-10,retail,0.1979516353,0.1428571429
CV202410-0046,2024-10-01,2024-10,retail,0.1254356692,0.0941176471
CV202410-0047,2024-10-01,2024-10,retail,0.2808428084,0.2105263158
CV202410-0048,2024-10-01,2024-10,retail,0.1755505368,0.1428571429
CV202410-0049,2024-10-01,2024-10,retail,0.1377947567,0.1428571429
CV202410-0050,2024-10-01,2024-10,small_business,0.4501756753,0.6551724138
CV202410-0051,2024-10-01,2024-10,small_business,0.2090949565,0.1432323791
CV202410-0052,2024-10-01,2024-10,retail,0.4346757639,0.6551724138
CV202410-0053,2024-10-01,2024-10,retail,0.0920448866,0.0941176471
CV202410-0054,2024-10-01,2024-10,retail,0.0857937058,0.0
CV202410-0055,2024-10-01,2024-10,small_business,0.3697242341,0.5
CV202410-0056,2024-10-01,2024-10,retail,0.1555616811,0.1428571429
CV202410-0057,2024-10-01,2024-10,retail,0.2265850213,0.1929824561
CV202410-0058,2024-10-01,2024-10,small_business,0.1762956271,0.1428571429
CV202410-0059,2024-10-01,2024-10,retail,0.1670738787,0.1428571429
CV202410-0060,2024-10-01,2024-10,retail,0.4484261556,0.6551724138
CV202410-0061,2024-10-01,2024-10,small_business,0.160267982,0.1428571429
CV202410-0062,2024-10-01,2024-10,retail,0.283184157,0.2105263158
CV202410-0063,2024-10-01,2024-10,small_business,0.2320710681,0.1929824561
CV202410-0064,2024-10-01,2024-10,retail,0.1223808796,0.0941176471
CV202410-0065,2024-10-01,2024-10,retail,0.1706928187,0.1428571429
CV202410-0066,2024-10-01,2024-10,retail,0.1533650829,0.1428571429
CV202410-0067,2024-10-01,2024-10,retail,0.3837649187,0.5
CV202410-0068,2024-10-01,2024-10,small_business,0.3687211857,0.5
CV202410-0069,2024-10-01,2024-10,retail,0.1154008626,0.0941176471
CV202410-0070,2024-10-01,2024-10,small_business,0.1330040157,0.1428571429
CV202410-0071,2024-10-01,2024-10,small_business,0.2938236026,0.2105263158
CV202410-0072,2024-10-01,2024-10,small_business,0.35661526,0.5
CV202410-0073,2024-10-01,2024-10,retail,0.1274120175,0.0941176471
CV202410-0074,2024-10-01,2024-10,small_business,0.3639751898,0.5
CV202410-0075,2024-10-01,2024-10,retail,0.1861633399,0.1428571429
CV202410-0076,2024-10-01,2024-10,retail,0.2162121231,0.1929824561
CV202410-0077,2024-10-01,2024-10,retail,0.4182819772,0.6551724138
CV202410-0078,2024-10-01,2024-10,retail,0.1738829649,0.1428571429
CV202410-0079,2024-10-01,2024-10,small_business,0.328091264,0.3333333333
