bin,lower,upper,reference_loans,current_loans,reference_share,current_share,psi_component
1,0.0,0.1056249608,48,48,0.1,0.14923077,0.01970824
2,0.1056249608,0.126259465,48,32,0.1,0.1,0.0
3,0.126259465,0.1496569208,48,36,0.1,0.11230769,0.00142858
4,0.1496569208,0.171820342,48,30,0.1,0.09384615,0.00039085
5,0.171820342,0.1953120776,48,34,0.1,0.10615385,0.0003675
6,0.1953120776,0.2177779977,48,34,0.1,0.10615385,0.0003675
7,0.2177779977,0.24305433,48,27,0.1,0.08461538,0.00257006
8,0.24305433,0.277680032,48,21,0.1,0.06615385,0.0139848
9,0.277680032,0.3477692316,48,28,0.1,0.08769231,0.00161644
10,0.3477692316,1.0,48,30,0.1,0.09384615,0.00039085
