risk_bucket,loans,observed_default_rate,mean_pd,principal_usd,scenario_expected_loss_usd,scenario_observed_loss_proxy_usd
1,48,0.520833,0.548052,734182.45,179984.69,170921.39
2,48,0.3125,0.275732,728854.19,91583.87,112687.06
3,48,0.395833,0.204984,931852.27,86049.15,162892.29
4,48,0.333333,0.181421,800675.75,64520.3,104099.34
5,48,0.25,0.142857,871910.17,56051.37,115336.78
6,48,0.166667,0.142857,731400.34,47018.59,53093.27
7,48,0.0625,0.142857,803297.46,51640.55,22378.74
8,48,0.083333,0.111793,841663.24,42989.03,36109.53
9,48,0.0,0.094118,792918.46,33582.43,0.0
10,48,0.104167,0.033164,740298.17,10415.48,34665.4
