application_id,decision_at,vintage,segment,principal_cents,label,raw_pd,calibrated_pd,review_selected
CV202407-0000,2024-07-01,2024-07,retail,2437733,0,0.1280196731,0.0941176471,0
CV202407-0001,2024-07-01,2024-07,small_business,697204,0,0.2925260795,0.2105263158,0
CV202407-0002,2024-07-01,2024-07,retail,315721,1,0.2273489226,0.1929824561,0
CV202407-0003,2024-07-01,2024-07,retail,1986544,1,0.168019604,0.1428571429,0
CV202407-0004,2024-07-01,2024-07,retail,2383366,0,0.2456993897,0.2105263158,0
CV202407-0005,2024-07-01,2024-07,retail,2292103,0,0.3217886886,0.3333333333,0
CV202407-0006,2024-07-01,2024-07,small_business,2601015,0,0.1664865647,0.1428571429,0
CV202407-0007,2024-07-01,2024-07,retail,2276389,0,0.2457688734,0.2105263158,0
CV202407-0008,2024-07-01,2024-07,small_business,2507549,0,0.2508558859,0.2105263158,0
CV202407-0009,2024-07-01,2024-07,retail,961280,0,0.111632972,0.0941176471,0
CV202407-0010,2024-07-01,2024-07,retail,1214341,0,0.0922441042,0.0941176471,0
CV202407-0011,2024-07-01,2024-07,small_business,2438958,0,0.163907727,0.1428571429,0
CV202407-0012,2024-07-01,2024-07,small_business,1561162,0,0.1007558438,0.0941176471,0
CV202407-0013,2024-07-01,2024-07,retail,2700146,0,0.2278242055,0.1929824561,0
CV202407-0014,2024-07-01,2024-07,retail,810262,0,0.3202485553,0.3333333333,0
CV202407-0015,2024-07-01,2024-07,retail,2845771,0,0.1296020417,0.1428571429,0
CV202407-0016,2024-07-01,2024-07,small_business,2941384,0,0.1791208226,0.1428571429,0
CV202407-0017,2024-07-01,2024-07,retail,1642714,0,0.3110999266,0.3333333333,0
CV202407-0018,2024-07-01,2024-07,small_business,1056414,1,0.4012476005,0.6486768788,1
CV202407-0019,2024-07-01,2024-07,retail,1767095,1,0.2260234786,0.1929824561,0
CV202407-0020,2024-07-01,2024-07,small_business,1497566,1,0.2198986719,0.1929824561,0
CV202407-0021,2024-07-01,2024-07,retail,1368024,0,0.1101628656,0.0941176471,0
CV202407-0022,2024-07-01,2024-07,small_business,2104515,0,0.1918374007,0.1428571429,0
CV202407-0023,2024-07-01,2024-07,retail,2638269,0,0.1829855286,0.1428571429,0
CV202407-0024,2024-07-01,2024-07,retail,2458162,0,0.0887703875,0.0941176471,0
CV202407-0025,2024-07-01,2024-07,small_business,2816219,1,0.2086441759,0.1428571429,0
CV202407-0026,2024-07-01,2024-07,retail,953764,0,0.2593402186,0.2105263158,0
CV202407-0027,2024-07-01,2024-07,small_business,1016796,1,0.2094194952,0.153578543,0
CV202407-0028,2024-07-01,2024-07,retail,2026743,0,0.1989271496,0.1428571429,0
CV202407-0029,2024-07-01,2024-07,retail,913788,0,0.256979238,0.2105263158,0
CV202407-0030,2024-07-01,2024-07,small_business,535138,0,0.368589909,0.5,1
CV202407-0031,2024-07-01,2024-07,retail,1045085,0,0.0798987957,0.0,0
CV202407-0032,2024-07-01,2024-07,retail,2222129,0,0.1718103556,0.1428571429,0
CV202407-0033,2024-07-01,2024-07,small_business,2844461,0,0.1811376592,0.1428571429,0
CV202407-0034,2024-07-01,2024-07,retail,2980876,1,0.1679797932,0.1428571429,0
CV202407-0035,2024-07-01,2024-07,small_business,1493563,0,0.1313863007,0.1428571429,0
CV202407-0036,2024-07-01,2024-07,small_business,1395187,0,0.1445363368,0.1428571429,0
CV202407-0037,2024-07-01,2024-07,retail,2041596,0,0.097089577,0.0941176471,0
CV202407-0038,2024-07-01,2024-07,retail,252595,1,0.1050578479,0.0941176471,0
CV202407-0039,2024-07-01,2024-07,small_business,2706012,0,0.2155645771,0.1929824561,0
CV202407-0040,2024-07-01,2024-07,retail,2690449,0,0.1177554305,0.0941176471,0
CV202407-0041,2024-07-01,2024-07,retail,339159,0,0.2112093765,0.1666666667,0
CV202407-0042,2024-07-01,2024-07,retail,2129529,0,0.3883375382,0.5,1
CV202407-0043,2024-07-01,2024-07,small_business,1408654,1,0.2085489775,0.1428571429,0
CV202407-0044,2024-07-01,2024-07,retail,989336,0,0.1184056554,0.0941176471,0
CV202407-0045,2024-07-01,2024-07,retail,2863034,0,0.2083557683,0.1428571429,0
CV202407-0046,2024-07-01,2024-07,retail,1032714,0,0.1366306485,0.1428571429,0
CV202407-0047,2024-07-01,2024-07,retail,2423160,0,0.1482511538,0.1428571429,0
CV202407-0048,2024-07-01,2024-07,retail,2585986,0,0.3371804292,0.4391710046,1
CV202407-0049,2024-07-01,2024-07,small_business,822221,0,0.3291556717,0.3333333333,0
CV202407-0050,2024-07-01,2024-07,retail,2440734,1,0.1980322673,0.1428571429,0
CV202407-0051,2024-07-01,2024-07,retail,1258389,0,0.0940565739,0.0941176471,0
CV202407-0052,2024-07-01,2024-07,small_business,1602779,1,0.1468249054,0.1428571429,0
CV202407-0053,2024-07-01,2024-07,small_business,2304188,1,0.1808035356,0.1428571429,0
CV202407-0054,2024-07-01,2024-07,retail,973511,0,0.0903343808,0.0941176471,0
CV202407-0055,2024-07-01,2024-07,retail,2240443,0,0.1874682836,0.1428571429,0
CV202407-0056,2024-07-01,2024-07,small_business,600686,0,0.2063920606,0.1428571429,0
CV202407-0057,2024-07-01,2024-07,retail,995978,1,0.174027344,0.1428571429,0
CV202407-0058,2024-07-01,2024-07,small_business,2725084,0,0.3857752811,0.5,1
CV202407-0059,2024-07-01,2024-07,small_business,938855,0,0.3493553066,0.4545454545,1
CV202407-0060,2024-07-01,2024-07,retail,1210274,0,0.1509271811,0.1428571429,0
CV202407-0061,2024-07-01,2024-07,retail,2958358,0,0.0873625583,0.0,0
CV202407-0062,2024-07-01,2024-07,retail,2212543,0,0.1641457355,0.1428571429,0
CV202407-0063,2024-07-01,2024-07,retail,1305506,0,0.1066388813,0.0941176471,0
CV202407-0064,2024-07-01,2024-07,small_business,1771390,1,0.3671412082,0.5,1
CV202407-0065,2024-07-01,2024-07,retail,2004702,0,0.119863156,0.0941176471,0
CV202407-0066,2024-07-01,2024-07,retail,1686263,0,0.1282601041,0.1022321965,0
CV202407-0067,2024-07-01,2024-07,small_business,310966,0,0.3060928262,0.3333333333,0
CV202407-0068,2024-07-01,2024-07,small_business,1171041,0,0.3472287073,0.4545454545,1
CV202407-0069,2024-07-01,2024-07,retail,2738489,0,0.118554332,0.0941176471,0
CV202407-0070,2024-07-01,2024-07,retail,496464,0,0.0752565676,0.0,0
CV202407-0071,2024-07-01,2024-07,retail,2568844,1,0.1747465823,0.1428571429,0
CV202407-0072,2024-07-01,2024-07,retail,635837,0,0.2144761513,0.1929824561,0
CV202407-0073,2024-07-01,2024-07,retail,2690270,0,0.2133402209,0.1929824561,0
CV202407-0074,2024-07-01,2024-07,small_business,632426,0,0.2556932016,0.2105263158,0
CV202407-0075,2024-07-01,2024-07,retail,1707602,0,0.1296779295,0.1428571429,0
CV202407-0076,2024-07-01,2024-07,retail,2731384,0,0.1886278884,0.1428571429,0
CV202407-0077,2024-07-01,2024-07,retail,1751986,0,0.1170294814,0.0941176471,0
CV202407-0078,2024-07-01,2024-07,retail,2086768,0,0.187663982,0.1428571429,0
CV202407-0079,2024-07-01,2024-07,small_business,1838347,1,0.1839534711,0.1428571429,0
CV202408-0000,2024-08-01,2024-08,retail,773064,0,0.2445428716,0.2105263158,0
CV202408-0001,2024-08-01,2024-08,retail,2725683,0,0.0934697251,0.0941176471,0
CV202408-0002,2024-08-01,2024-08,retail,1448195,0,0.2387465914,0.1929824561,0
CV202408-0003,2024-08-01,2024-08,retail,1732705,1,0.1852766503,0.1428571429,0
CV202408-0004,2024-08-01,2024-08,small_business,1127156,0,0.21229735,0.1666666667,0
CV202408-0005,2024-08-01,2024-08,retail,2111981,0,0.1156029786,0.0941176471,0
CV202408-0006,2024-08-01,2024-08,retail,645810,1,0.2720072054,0.2105263158,0
CV202408-0007,2024-08-01,2024-08,retail,2481415,0,0.0934057699,0.0941176471,0
CV202408-0008,2024-08-01,2024-08,retail,1422139,0,0.1158739394,0.0941176471,0
CV202408-0009,2024-08-01,2024-08,small_business,521985,0,0.2965147063,0.2688330544,0
CV202408-0010,2024-08-01,2024-08,retail,746411,0,0.0919987479,0.0941176471,0
CV202408-0011,2024-08-01,2024-08,retail,2959390,0,0.1852500634,0.1428571429,0
CV202408-0012,2024-08-01,2024-08,retail,2408318,0,0.1688144912,0.1428571429,0
CV202408-0013,2024-08-01,2024-08,retail,2361851,1,0.3179237563,0.3333333333,0
CV202408-0014,2024-08-01,2024-08,small_business,1781439,1,0.3423321373,0.4545454545,1
CV202408-0015,2024-08-01,2024-08,small_business,2510230,0,0.1567448054,0.1428571429,0
CV202408-0016,2024-08-01,2024-08,retail,678425,1,0.269620435,0.2105263158,0
CV202408-0017,2024-08-01,2024-08,retail,1952229,0,0.2752106476,0.2105263158,0
CV202408-0018,2024-08-01,2024-08,retail,2147632,0,0.0730369832,0.0,0
CV202408-0019,2024-08-01,2024-08,retail,742203,0,0.1042134362,0.0941176471,0
CV202408-0020,2024-08-01,2024-08,retail,1922226,0,0.1141419716,0.0941176471,0
CV202408-0021,2024-08-01,2024-08,retail,1111619,0,0.2443239416,0.2105263158,0
CV202408-0022,2024-08-01,2024-08,retail,1205887,1,0.2760915378,0.2105263158,0
CV202408-0023,2024-08-01,2024-08,retail,2735052,0,0.1544328681,0.1428571429,0
CV202408-0024,2024-08-01,2024-08,retail,2029541,0,0.0768440443,0.0,0
CV202408-0025,2024-08-01,2024-08,retail,222498,0,0.1461973683,0.1428571429,0
CV202408-0026,2024-08-01,2024-08,small_business,2250018,1,0.2351357488,0.1929824561,0
CV202408-0027,2024-08-01,2024-08,retail,2224735,0,0.236822411,0.1929824561,0
CV202408-0028,2024-08-01,2024-08,retail,474398,0,0.0838722018,0.0,0
CV202408-0029,2024-08-01,2024-08,small_business,627657,1,0.2314876665,0.1929824561,0
CV202408-0030,2024-08-01,2024-08,retail,2684643,0,0.2324621842,0.1929824561,0
CV202408-0031,2024-08-01,2024-08,retail,668885,0,0.1141841191,0.0941176471,0
CV202408-0032,2024-08-01,2024-08,small_business,2455966,0,0.2252272129,0.1929824561,0
CV202408-0033,2024-08-01,2024-08,retail,2095454,0,0.186980252,0.1428571429,0
CV202408-0034,2024-08-01,2024-08,retail,2565594,0,0.1362790833,0.1428571429,0
CV202408-0035,2024-08-01,2024-08,retail,2905487,0,0.2282582678,0.1929824561,0
CV202408-0036,2024-08-01,2024-08,retail,1522840,0,0.1076217385,0.0941176471,0
CV202408-0037,2024-08-01,2024-08,small_business,2365477,1,0.4327862972,0.6551724138,1
CV202408-0038,2024-08-01,2024-08,retail,1930635,0,0.1239510007,0.0941176471,0
CV202408-0039,2024-08-01,2024-08,retail,2576912,0,0.1168384212,0.0941176471,0
CV202408-0040,2024-08-01,2024-08,retail,1127654,0,0.1136695737,0.0941176471,0
CV202408-0041,2024-08-01,2024-08,retail,2257674,0,0.213711564,0.1929824561,0
CV202408-0042,2024-08-01,2024-08,retail,882804,0,0.0959240918,0.0941176471,0
CV202408-0043,2024-08-01,2024-08,small_business,2832708,0,0.4273484639,0.6551724138,1
CV202408-0044,2024-08-01,2024-08,small_business,2133854,0,0.1425059882,0.1428571429,0
CV202408-0045,2024-08-01,2024-08,small_business,1612418,0,0.1420276186,0.1428571429,0
CV202408-0046,2024-08-01,2024-08,retail,340022,1,0.2927214665,0.2105263158,0
CV202408-0047,2024-08-01,2024-08,retail,1811402,1,0.3152071262,0.3333333333,0
CV202408-0048,2024-08-01,2024-08,retail,423454,0,0.2422567126,0.2105263158,0
CV202408-0049,2024-08-01,2024-08,retail,962216,0,0.1002574858,0.0941176471,0
CV202408-0050,2024-08-01,2024-08,small_business,741020,0,0.2505661505,0.2105263158,0
CV202408-0051,2024-08-01,2024-08,retail,653181,0,0.3595465688,0.5,1
CV202408-0052,2024-08-01,2024-08,small_business,288549,1,0.2236182523,0.1929824561,0
CV202408-0053,2024-08-01,2024-08,retail,2313750,1,0.1611620037,0.1428571429,0
CV202408-0054,2024-08-01,2024-08,retail,2627321,1,0.1572734471,0.1428571429,0
CV202408-0055,2024-08-01,2024-08,retail,2077179,0,0.208079545,0.1428571429,0
CV202408-0056,2024-08-01,2024-08,small_business,2016175,0,0.2015105914,0.1428571429,0
CV202408-0057,2024-08-01,2024-08,small_business,625174,0,0.1383182095,0.1428571429,0
CV202408-0058,2024-08-01,2024-08,retail,1744190,0,0.080964096,0.0,0
CV202408-0059,2024-08-01,2024-08,retail,309094,0,0.1956372868,0.1428571429,0
CV202408-0060,2024-08-01,2024-08,small_business,539254,1,0.4133239354,0.6551724138,1
CV202408-0061,2024-08-01,2024-08,retail,1534085,1,0.2125805054,0.1667101599,0
CV202408-0062,2024-08-01,2024-08,retail,1090767,0,0.0977147621,0.0941176471,0
CV202408-0063,2024-08-01,2024-08,retail,642771,0,0.2268088987,0.1929824561,0
CV202408-0064,2024-08-01,2024-08,retail,1149022,0,0.2006322616,0.1428571429,0
CV202408-0065,2024-08-01,2024-08,small_business,1809289,0,0.0925152943,0.0941176471,0
CV202408-0066,2024-08-01,2024-08,retail,1401369,0,0.2418935699,0.2045180111,0
CV202408-0067,2024-08-01,2024-08,small_business,1526158,0,0.2890502241,0.2105263158,0
CV202408-0068,2024-08-01,2024-08,retail,2982882,0,0.2131727244,0.1929824561,0
CV202408-0069,2024-08-01,2024-08,retail,354631,0,0.1847355812,0.1428571429,0
CV202408-0070,2024-08-01,2024-08,retail,377635,0,0.1615998339,0.1428571429,0
CV202408-0071,2024-08-01,2024-08,small_business,2678118,0,0.3976831866,0.5995356336,1
CV202408-0072,2024-08-01,2024-08,small_business,1958610,1,0.2560729699,0.2105263158,0
CV202408-0073,2024-08-01,2024-08,retail,1025360,0,0.1484136655,0.1428571429,0
CV202408-0074,2024-08-01,2024-08,retail,1907907,0,0.17058917,0.1428571429,0
CV202408-0075,2024-08-01,2024-08,retail,242421,0,0.1545777062,0.1428571429,0
CV202408-0076,2024-08-01,2024-08,retail,1873050,0,0.0827616077,0.0,0
CV202408-0077,2024-08-01,2024-08,retail,544277,0,0.0748069731,0.0,0
CV202408-0078,2024-08-01,2024-08,retail,1382617,0,0.0835970103,0.0,0
CV202408-0079,2024-08-01,2024-08,retail,667484,0,0.089532243,0.0941176471,0
CV202409-0000,2024-09-01,2024-09,retail,2671440,0,0.0999487304,0.0941176471,0
CV202409-0001,2024-09-01,2024-09,retail,504256,0,0.1866760301,0.1428571429,0
CV202409-0002,2024-09-01,2024-09,small_business,2396854,1,0.4832698386,0.6551724138,1
CV202409-0003,2024-09-01,2024-09,retail,1242315,0,0.1389954361,0.1428571429,0
CV202409-0004,2024-09-01,2024-09,retail,1860011,0,0.1405176563,0.1428571429,0
CV202409-0005,2024-09-01,2024-09,retail,2331645,0,0.2059137305,0.1428571429,0
CV202409-0006,2024-09-01,2024-09,retail,1825498,0,0.0749346968,0.0,0
CV202409-0007,2024-09-01,2024-09,retail,961723,0,0.1962047689,0.1428571429,0
CV202409-0008,2024-09-01,2024-09,small_business,1130967,0,0.1370140604,0.1428571429,0
CV202409-0009,2024-09-01,2024-09,small_business,1151668,0,0.5153191414,0.6551724138,1
CV202409-0010,2024-09-01,2024-09,retail,2885619,0,0.0923530835,0.0941176471,0
CV202409-0011,2024-09-01,2024-09,retail,2662515,0,0.0666211215,0.0,0
CV202409-0012,2024-09-01,2024-09,retail,670134,0,0.0887210731,0.0941176471,0
CV202409-0013,2024-09-01,2024-09,retail,2726001,0,0.1958416797,0.1428571429,0
CV202409-0014,2024-09-01,2024-09,retail,2948447,0,0.2517654322,0.2105263158,0
CV202409-0015,2024-09-01,2024-09,small_business,2760603,0,0.121315628,0.0941176471,0
CV202409-0016,2024-09-01,2024-09,retail,842904,0,0.3091528252,0.3333333333,0
CV202409-0017,2024-09-01,2024-09,retail,840451,0,0.1795982548,0.1428571429,0
CV202409-0018,2024-09-01,2024-09,retail,2393221,1,0.2917083231,0.2105263158,0
CV202409-0019,2024-09-01,2024-09,retail,617603,0,0.173089086,0.1428571429,0
CV202409-0020,2024-09-01,2024-09,retail,2172363,0,0.1491803023,0.1428571429,0
CV202409-0021,2024-09-01,2024-09,retail,2735680,0,0.113487944,0.0941176471,0
CV202409-0022,2024-09-01,2024-09,retail,1094507,0,0.1842025194,0.1428571429,0
CV202409-0023,2024-09-01,2024-09,small_business,2440357,1,0.1752630814,0.1428571429,0
CV202409-0024,2024-09-01,2024-09,retail,1739101,0,0.1268473848,0.0941176471,0
CV202409-0025,2024-09-01,2024-09,retail,1901785,0,0.0792056382,0.0,0
CV202409-0026,2024-09-01,2024-09,retail,476870,1,0.2241994751,0.1929824561,0
CV202409-0027,2024-09-01,2024-09,retail,2946479,0,0.111083216,0.0941176471,0
CV202409-0028,2024-09-01,2024-09,retail,2859258,0,0.1132150252,0.0941176471,0
CV202409-0029,2024-09-01,2024-09,retail,705915,1,0.3608315046,0.5,1
CV202409-0030,2024-09-01,2024-09,retail,2497175,0,0.2120401255,0.1666666667,0
CV202409-0031,2024-09-01,2024-09,retail,501985,0,0.0965363052,0.0941176471,0
CV202409-0032,2024-09-01,2024-09,retail,1053911,0,0.1184311876,0.0941176471,0
CV202409-0033,2024-09-01,2024-09,small_business,1416865,0,0.1325371195,0.1428571429,0
CV202409-0034,2024-09-01,2024-09,retail,2806079,1,0.2543573707,0.2105263158,0
CV202409-0035,2024-09-01,2024-09,retail,2680050,0,0.2073492929,0.1428571429,0
CV202409-0036,2024-09-01,2024-09,retail,397656,0,0.1645639867,0.1428571429,0
CV202409-0037,2024-09-01,2024-09,small_business,2425225,0,0.1693183384,0.1428571429,0
CV202409-0038,2024-09-01,2024-09,small_business,724023,1,0.1816658083,0.1428571429,0
CV202409-0039,2024-09-01,2024-09,retail,1282741,0,0.0702650002,0.0,0
CV202409-0040,2024-09-01,2024-09,small_business,299117,1,0.3745156481,0.5,1
CV202409-0041,2024-09-01,2024-09,retail,1880200,0,0.1238006573,0.0941176471,0
CV202409-0042,2024-09-01,2024-09,retail,1091949,0,0.1323273022,0.1428571429,0
CV202409-0043,2024-09-01,2024-09,small_business,2242101,1,0.3264051881,0.3333333333,0
CV202409-0044,2024-09-01,2024-09,retail,1990086,0,0.3484895005,0.4545454545,1
CV202409-0045,2024-09-01,2024-09,retail,2842414,1,0.0883979357,0.0860013018,0
CV202409-0046,2024-09-01,2024-09,retail,1854597,0,0.0848725099,0.0,0
CV202409-0047,2024-09-01,2024-09,retail,2676776,1,0.3898167414,0.5,1
CV202409-0048,2024-09-01,2024-09,retail,2792601,0,0.1408887803,0.1428571429,0
CV202409-0049,2024-09-01,2024-09,retail,2750080,0,0.1684948028,0.1428571429,0
CV202409-0050,2024-09-01,2024-09,retail,1147907,0,0.0630555443,0.0,0
CV202409-0051,2024-09-01,2024-09,retail,2992158,0,0.0925710527,0.0941176471,0
CV202409-0052,2024-09-01,2024-09,retail,1483578,1,0.2120138932,0.1666666667,0
CV202409-0053,2024-09-01,2024-09,retail,1464121,1,0.143437788,0.1428571429,0
CV202409-0054,2024-09-01,2024-09,small_business,438376,0,0.1257487384,0.0941176471,0
CV202409-0055,2024-09-01,2024-09,small_business,363871,0,0.1336811601,0.1428571429,0
CV202409-0056,2024-09-01,2024-09,retail,2343578,0,0.1267088303,0.0941176471,0
CV202409-0057,2024-09-01,2024-09,retail,2590937,0,0.2187365506,0.1929824561,0
CV202409-0058,2024-09-01,2024-09,retail,289675,0,0.1633283332,0.1428571429,0
CV202409-0059,2024-09-01,2024-09,small_business,484923,0,0.1137640923,0.0941176471,0
CV202409-0060,2024-09-01,2024-09,retail,1871581,0,0.2027930635,0.1428571429,0
CV202409-0061,2024-09-01,2024-09,small_business,457692,0,0.1491698992,0.1428571429,0
CV202409-0062,2024-09-01,2024-09,retail,1551983,0,0.1907378235,0.1428571429,0
CV202409-0063,2024-09-01,2024-09,retail,1213168,0,0.2126718033,0.1730647149,0
CV202409-0064,2024-09-01,2024-09,small_business,2070865,1,0.2467004753,0.2105263158,0
CV202409-0065,2024-09-01,2024-09,retail,1275908,0,0.1005146778,0.0941176471,0
CV202409-0066,2024-09-01,2024-09,retail,804849,0,0.2033301912,0.1428571429,0
CV202409-0067,2024-09-01,2024-09,retail,747292,0,0.1898263325,0.1428571429,0
CV202409-0068,2024-09-01,2024-09,retail,1619300,0,0.2175044582,0.1929824561,0
CV202409-0069,2024-09-01,2024-09,retail,2176972,0,0.2266012187,0.1929824561,0
CV202409-0070,2024-09-01,2024-09,retail,2136820,0,0.2238722928,0.1929824561,0
CV202409-0071,2024-09-01,2024-09,retail,2647823,0,0.1358486338,0.1428571429,0
CV202409-0072,2024-09-01,2024-09,retail,2128252,0,0.0738226239,0.0,0
CV202409-0073,2024-09-01,2024-09,retail,1531388,0,0.1548100807,0.1428571429,0
CV202409-0074,2024-09-01,2024-09,small_business,2950832,0,0.1672873263,0.1428571429,0
CV202409-0075,2024-09-01,2024-09,retail,293348,0,0.1142692973,0.0941176471,0
CV202409-0076,2024-09-01,2024-09,retail,1596243,0,0.1618874674,0.1428571429,0
CV202409-0077,2024-09-01,2024-09,small_business,808003,0,0.1818855982,0.1428571429,0
CV202409-0078,2024-09-01,2024-09,small_business,1304721,1,0.4871849979,0.6551724138,1
CV202409-0079,2024-09-01,2024-09,retail,1452207,0,0.1355808565,0.1428571429,0
CV202410-0000,2024-10-01,2024-10,retail,1648349,0,0.1422004813,0.1428571429,0
CV202410-0001,2024-10-01,2024-10,retail,556578,0,0.3001296631,0.3333333333,0
CV202410-0002,2024-10-01,2024-10,retail,992892,1,0.2350362043,0.1929824561,0
CV202410-0003,2024-10-01,2024-10,retail,2022093,0,0.2539474925,0.2105263158,0
CV202410-0004,2024-10-01,2024-10,small_business,398072,1,0.4357107499,0.6551724138,1
CV202410-0005,2024-10-01,2024-10,retail,2360693,0,0.2850909848,0.2105263158,0
CV202410-0006,2024-10-01,2024-10,retail,1594601,0,0.1851668873,0.1428571429,0
CV202410-0007,2024-10-01,2024-10,retail,2443801,0,0.1426457568,0.1428571429,0
CV202410-0008,2024-10-01,2024-10,retail,2857984,1,0.2465777977,0.2105263158,0
CV202410-0009,2024-10-01,2024-10,retail,1868548,0,0.1293102718,0.1428571429,0
CV202410-0010,2024-10-01,2024-10,retail,2645513,0,0.106023975,0.0941176471,0
CV202410-0011,2024-10-01,2024-10,small_business,1308252,0,0.3653426071,0.5,1
CV202410-0012,2024-10-01,2024-10,retail,656087,0,0.099500878,0.0941176471,0
CV202410-0013,2024-10-01,2024-10,retail,523921,0,0.1829949448,0.1428571429,0
CV202410-0014,2024-10-01,2024-10,retail,2407644,0,0.0625268547,0.0,0
CV202410-0015,2024-10-01,2024-10,small_business,1520550,1,0.1512848197,0.1428571429,0
CV202410-0016,2024-10-01,2024-10,retail,1561270,1,0.227792376,0.1929824561,0
CV202410-0017,2024-10-01,2024-10,retail,1361197,0,0.2053132019,0.1428571429,0
CV202410-0018,2024-10-01,2024-10,retail,2354581,0,0.1013880412,0.0941176471,0
CV202410-0019,2024-10-01,2024-10,small_business,2596642,0,0.313362768,0.3333333333,0
CV202410-0020,2024-10-01,2024-10,retail,837003,1,0.1694989966,0.1428571429,0
CV202410-0021,2024-10-01,2024-10,retail,1167323,0,0.2266663956,0.1929824561,0
CV202410-0022,2024-10-01,2024-10,retail,2894760,1,0.2575525409,0.2105263158,0
CV202410-0023,2024-10-01,2024-10,retail,726616,1,0.1541812021,0.1428571429,0
CV202410-0024,2024-10-01,2024-10,retail,2628853,0,0.1225989828,0.0941176471,0
CV202410-0025,2024-10-01,2024-10,small_business,382759,0,0.3740138061,0.5,1
CV202410-0026,2024-10-01,2024-10,retail,1212641,0,0.1807532208,0.1428571429,0
CV202410-0027,2024-10-01,2024-10,small_business,2660251,1,0.1421135654,0.1428571429,0
CV202410-0028,2024-10-01,2024-10,retail,2884583,1,0.2580894782,0.2105263158,0
CV202410-0029,2024-10-01,2024-10,retail,1976076,0,0.3089511461,0.3333333333,0
CV202410-0030,2024-10-01,2024-10,retail,1578375,0,0.120195234,0.0941176471,0
CV202410-0031,2024-10-01,2024-10,retail,1424309,0,0.1835961396,0.1428571429,0
CV202410-0032,2024-10-01,2024-10,small_business,1425584,1,0.18626405,0.1428571429,0
CV202410-0033,2024-10-01,2024-10,retail,1797500,0,0.0833870329,0.0,0
CV202410-0034,2024-10-01,2024-10,retail,1589187,1,0.2920914886,0.2105263158,0
CV202410-0035,2024-10-01,2024-10,retail,2673139,0,0.0985941473,0.0941176471,0
CV202410-0036,2024-10-01,2024-10,retail,1989096,0,0.3209070883,0.3333333333,0
CV202410-0037,2024-10-01,2024-10,retail,2289490,1,0.2227354275,0.1929824561,0
CV202410-0038,2024-10-01,2024-10,retail,2021903,0,0.2136815551,0.1929824561,0
CV202410-0039,2024-10-01,2024-10,small_business,2186854,0,0.2227877667,0.1929824561,0
CV202410-0040,2024-10-01,2024-10,retail,2522896,0,0.0731592947,0.0,0
CV202410-0041,2024-10-01,2024-10,retail,2998745,0,0.3068068177,0.3333333333,0
CV202410-0042,2024-10-01,2024-10,retail,2059224,0,0.1109662301,0.0941176471,0
CV202410-0043,2024-10-01,2024-10,retail,1067750,0,0.2414650421,0.1961081011,0
CV202410-0044,2024-10-01,2024-10,retail,1896920,0,0.1803312783,0.1428571429,0
CV202410-0045,2024-10-01,2024-10,retail,1761791,0,0.1979516353,0.1428571429,0
CV202410-0046,2024-10-01,2024-10,retail,856057,0,0.1254356692,0.0941176471,0
CV202410-0047,2024-10-01,2024-10,retail,2748462,0,0.2808428084,0.2105263158,0
CV202410-0048,2024-10-01,2024-10,retail,2411498,0,0.1755505368,0.1428571429,0
CV202410-0049,2024-10-01,2024-10,retail,2160111,0,0.1377947567,0.1428571429,0
CV202410-0050,2024-10-01,2024-10,small_business,1340590,0,0.4501756753,0.6551724138,1
CV202410-0051,2024-10-01,2024-10,small_business,1879723,1,0.2090949565,0.1432323791,0
CV202410-0052,2024-10-01,2024-10,retail,603556,1,0.4346757639,0.6551724138,1
CV202410-0053,2024-10-01,2024-10,retail,888713,0,0.0920448866,0.0941176471,0
CV202410-0054,2024-10-01,2024-10,retail,208323,1,0.0857937058,0.0,0
CV202410-0055,2024-10-01,2024-10,small_business,782329,1,0.3697242341,0.5,1
CV202410-0056,2024-10-01,2024-10,retail,1798486,0,0.1555616811,0.1428571429,0
CV202410-0057,2024-10-01,2024-10,retail,2151328,1,0.2265850213,0.1929824561,0
CV202410-0058,2024-10-01,2024-10,small_business,382540,0,0.1762956271,0.1428571429,0
CV202410-0059,2024-10-01,2024-10,retail,2504258,0,0.1670738787,0.1428571429,0
CV202410-0060,2024-10-01,2024-10,retail,386516,0,0.4484261556,0.6551724138,1
CV202410-0061,2024-10-01,2024-10,small_business,2668749,0,0.160267982,0.1428571429,0
CV202410-0062,2024-10-01,2024-10,retail,2503241,1,0.283184157,0.2105263158,0
CV202410-0063,2024-10-01,2024-10,small_business,2115287,0,0.2320710681,0.1929824561,0
CV202410-0064,2024-10-01,2024-10,retail,1195443,0,0.1223808796,0.0941176471,0
CV202410-0065,2024-10-01,2024-10,retail,599790,0,0.1706928187,0.1428571429,0
CV202410-0066,2024-10-01,2024-10,retail,1996748,0,0.1533650829,0.1428571429,0
CV202410-0067,2024-10-01,2024-10,retail,2501639,1,0.3837649187,0.5,1
CV202410-0068,2024-10-01,2024-10,small_business,2127430,1,0.3687211857,0.5,1
CV202410-0069,2024-10-01,2024-10,retail,372942,0,0.1154008626,0.0941176471,0
CV202410-0070,2024-10-01,2024-10,small_business,2435804,0,0.1330040157,0.1428571429,0
CV202410-0071,2024-10-01,2024-10,small_business,1990945,1,0.2938236026,0.2105263158,0
CV202410-0072,2024-10-01,2024-10,small_business,2938553,0,0.35661526,0.5,1
CV202410-0073,2024-10-01,2024-10,retail,1225276,0,0.1274120175,0.0941176471,0
CV202410-0074,2024-10-01,2024-10,small_business,2359037,1,0.3639751898,0.5,1
CV202410-0075,2024-10-01,2024-10,retail,2690982,0,0.1861633399,0.1428571429,0
CV202410-0076,2024-10-01,2024-10,retail,844092,1,0.2162121231,0.1929824561,0
CV202410-0077,2024-10-01,2024-10,retail,1622175,0,0.4182819772,0.6551724138,1
CV202410-0078,2024-10-01,2024-10,retail,1347772,0,0.1738829649,0.1428571429,0
CV202410-0079,2024-10-01,2024-10,small_business,218870,0,0.328091264,0.3333333333,0
CV202411-0000,2024-11-01,2024-11,small_business,620036,0,0.2188306608,0.1929824561,0
CV202411-0001,2024-11-01,2024-11,small_business,1615860,0,0.4055522013,0.6551724138,1
CV202411-0002,2024-11-01,2024-11,retail,2813792,1,0.1592699114,0.1428571429,0
CV202411-0003,2024-11-01,2024-11,retail,2587885,0,0.2398432206,0.1929824561,0
CV202411-0004,2024-11-01,2024-11,retail,2557010,0,0.1552691426,0.1428571429,0
CV202411-0005,2024-11-01,2024-11,retail,2761229,0,0.1019372013,0.0941176471,0
CV202411-0006,2024-11-01,2024-11,small_business,263476,0,0.1640929162,0.1428571429,0
CV202411-0007,2024-11-01,2024-11,small_business,2620071,1,0.5192686097,0.6551724138,1
CV202411-0008,2024-11-01,2024-11,retail,1071055,0,0.1556152215,0.1428571429,0
CV202411-0009,2024-11-01,2024-11,retail,1704977,0,0.2205407263,0.1929824561,0
CV202411-0010,2024-11-01,2024-11,retail,1056727,0,0.0900149892,0.0941176471,0
CV202411-0011,2024-11-01,2024-11,retail,2742440,0,0.1082311794,0.0941176471,0
CV202411-0012,2024-11-01,2024-11,small_business,1817653,0,0.2891705501,0.2105263158,0
CV202411-0013,2024-11-01,2024-11,retail,532318,0,0.1573540948,0.1428571429,0
CV202411-0014,2024-11-01,2024-11,retail,792885,0,0.1152193172,0.0941176471,0
CV202411-0015,2024-11-01,2024-11,retail,1036684,0,0.1377887048,0.1428571429,0
CV202411-0016,2024-11-01,2024-11,retail,2399204,0,0.1448577444,0.1428571429,0
CV202411-0017,2024-11-01,2024-11,retail,786506,0,0.1552829248,0.1428571429,0
CV202411-0018,2024-11-01,2024-11,retail,2389904,0,0.2728336481,0.2105263158,0
CV202411-0019,2024-11-01,2024-11,small_business,2266550,0,0.1365643878,0.1428571429,0
CV202411-0020,2024-11-01,2024-11,retail,1468749,0,0.2980286876,0.3273782179,0
CV202411-0021,2024-11-01,2024-11,retail,2100199,0,0.2810266004,0.2105263158,0
CV202411-0022,2024-11-01,2024-11,retail,701286,1,0.367655457,0.5,1
CV202411-0023,2024-11-01,2024-11,retail,2736128,1,0.219325255,0.1929824561,0
CV202411-0024,2024-11-01,2024-11,retail,1756050,0,0.1530805847,0.1428571429,0
CV202411-0025,2024-11-01,2024-11,retail,2611221,0,0.1053313635,0.0941176471,0
CV202411-0026,2024-11-01,2024-11,small_business,380842,0,0.382293637,0.5,1
CV202411-0027,2024-11-01,2024-11,retail,2076827,0,0.1453046911,0.1428571429,0
CV202411-0028,2024-11-01,2024-11,small_business,2167544,1,0.4036625699,0.6551724138,1
CV202411-0029,2024-11-01,2024-11,retail,2671419,0,0.2778623029,0.2105263158,0
CV202411-0030,2024-11-01,2024-11,retail,2973965,0,0.0739351525,0.0,0
CV202411-0031,2024-11-01,2024-11,retail,397012,0,0.1564867562,0.1428571429,0
CV202411-0032,2024-11-01,2024-11,retail,2943305,0,0.1596117531,0.1428571429,0
CV202411-0033,2024-11-01,2024-11,retail,421565,0,0.1157527244,0.0941176471,0
CV202411-0034,2024-11-01,2024-11,small_business,1273714,0,0.1371074263,0.1428571429,0
CV202411-0035,2024-11-01,2024-11,retail,430861,0,0.1583917469,0.1428571429,0
CV202411-0036,2024-11-01,2024-11,retail,852402,1,0.2765614465,0.2105263158,0
CV202411-0037,2024-11-01,2024-11,small_business,1904411,1,0.3037135576,0.3333333333,0
CV202411-0038,2024-11-01,2024-11,small_business,2415234,0,0.2603930938,0.2105263158,0
CV202411-0039,2024-11-01,2024-11,retail,2221174,0,0.1046853038,0.0941176471,0
CV202411-0040,2024-11-01,2024-11,retail,1721774,1,0.2649717751,0.2105263158,0
CV202411-0041,2024-11-01,2024-11,small_business,581950,1,0.3565588794,0.5,1
CV202411-0042,2024-11-01,2024-11,small_business,2228917,0,0.2960800086,0.2520234359,0
CV202411-0043,2024-11-01,2024-11,small_business,1661969,0,0.1819186593,0.1428571429,0
CV202411-0044,2024-11-01,2024-11,small_business,2739211,0,0.3149715406,0.3333333333,0
CV202411-0045,2024-11-01,2024-11,retail,840194,0,0.1776981831,0.1428571429,0
CV202411-0046,2024-11-01,2024-11,retail,1795401,0,0.125722192,0.0941176471,0
CV202411-0047,2024-11-01,2024-11,retail,2490342,1,0.2847973358,0.2105263158,0
CV202411-0048,2024-11-01,2024-11,retail,1018713,0,0.0770301163,0.0,0
CV202411-0049,2024-11-01,2024-11,retail,2399603,0,0.2425412217,0.2105263158,0
CV202411-0050,2024-11-01,2024-11,retail,2461736,0,0.1438747893,0.1428571429,0
CV202411-0051,2024-11-01,2024-11,retail,527353,0,0.221408019,0.1929824561,0
CV202411-0052,2024-11-01,2024-11,retail,2069599,0,0.1986319305,0.1428571429,0
CV202411-0053,2024-11-01,2024-11,retail,759378,1,0.2070865971,0.1428571429,0
CV202411-0054,2024-11-01,2024-11,retail,2007823,0,0.2648244321,0.2105263158,0
CV202411-0055,2024-11-01,2024-11,retail,1831849,0,0.1693226493,0.1428571429,0
CV202411-0056,2024-11-01,2024-11,retail,2936322,1,0.3409642768,0.4545454545,1
CV202411-0057,2024-11-01,2024-11,small_business,1810289,1,0.3822124218,0.5,1
CV202411-0058,2024-11-01,2024-11,retail,1724207,0,0.1617763466,0.1428571429,0
CV202411-0059,2024-11-01,2024-11,retail,704538,0,0.1356579049,0.1428571429,0
CV202411-0060,2024-11-01,2024-11,small_business,2050969,0,0.1156966748,0.0941176471,0
CV202411-0061,2024-11-01,2024-11,small_business,500366,1,0.2837301399,0.2105263158,0
CV202411-0062,2024-11-01,2024-11,retail,1906064,0,0.0773215128,0.0,0
CV202411-0063,2024-11-01,2024-11,retail,720738,0,0.0922480578,0.0941176471,0
CV202411-0064,2024-11-01,2024-11,retail,1079259,1,0.232331829,0.1929824561,0
CV202411-0065,2024-11-01,2024-11,retail,878188,0,0.11677834,0.0941176471,0
CV202411-0066,2024-11-01,2024-11,retail,2427898,0,0.1843771427,0.1428571429,0
CV202411-0067,2024-11-01,2024-11,small_business,691162,0,0.2995592955,0.3333333333,0
CV202411-0068,2024-11-01,2024-11,small_business,1681889,0,0.286988743,0.2105263158,0
CV202411-0069,2024-11-01,2024-11,retail,1613210,0,0.3478334692,0.4545454545,1
CV202411-0070,2024-11-01,2024-11,small_business,2455810,0,0.1192369918,0.0941176471,0
CV202411-0071,2024-11-01,2024-11,retail,1193746,0,0.3850965732,0.5,1
CV202411-0072,2024-11-01,2024-11,small_business,2873683,0,0.1850676878,0.1428571429,0
CV202411-0073,2024-11-01,2024-11,retail,1399883,1,0.2086538348,0.1428571429,0
CV202411-0074,2024-11-01,2024-11,small_business,1328344,0,0.3099382923,0.3333333333,0
CV202411-0075,2024-11-01,2024-11,retail,977119,0,0.2256511575,0.1929824561,0
CV202411-0076,2024-11-01,2024-11,retail,1430421,0,0.1234505374,0.0941176471,0
CV202411-0077,2024-11-01,2024-11,retail,2085007,0,0.2054133242,0.1428571429,0
CV202411-0078,2024-11-01,2024-11,retail,2273614,0,0.0981239973,0.0941176471,0
CV202411-0079,2024-11-01,2024-11,retail,1922484,0,0.174304986,0.1428571429,0
CV202412-0000,2024-12-01,2024-12,retail,2748047,0,0.2207225619,0.1929824561,0
CV202412-0001,2024-12-01,2024-12,retail,466548,0,0.1757044904,0.1428571429,0
CV202412-0002,2024-12-01,2024-12,small_business,1628398,0,0.2236487395,0.1929824561,0
CV202412-0003,2024-12-01,2024-12,retail,1806709,0,0.1029611165,0.0941176471,0
CV202412-0004,2024-12-01,2024-12,retail,2927652,0,0.1949770022,0.1428571429,0
CV202412-0005,2024-12-01,2024-12,retail,1551725,0,0.1184046877,0.0941176471,0
CV202412-0006,2024-12-01,2024-12,small_business,601082,0,0.2901488845,0.2105263158,0
CV202412-0007,2024-12-01,2024-12,retail,611543,0,0.225666708,0.1929824561,0
CV202412-0008,2024-12-01,2024-12,small_business,892263,0,0.190896004,0.1428571429,0
CV202412-0009,2024-12-01,2024-12,retail,1395669,0,0.2509195532,0.2105263158,0
CV202412-0010,2024-12-01,2024-12,small_business,2480567,0,0.3436192871,0.4545454545,1
CV202412-0011,2024-12-01,2024-12,small_business,409887,0,0.1833188723,0.1428571429,0
CV202412-0012,2024-12-01,2024-12,small_business,781250,0,0.6032079421,0.6551724138,1
CV202412-0013,2024-12-01,2024-12,retail,767120,1,0.3256923452,0.3333333333,0
CV202412-0014,2024-12-01,2024-12,retail,1396620,0,0.1965291855,0.1428571429,0
CV202412-0015,2024-12-01,2024-12,retail,1994851,0,0.1953972661,0.1428571429,0
CV202412-0016,2024-12-01,2024-12,small_business,2026312,1,0.255603611,0.2105263158,0
CV202412-0017,2024-12-01,2024-12,retail,870503,0,0.0837538991,0.0,0
CV202412-0018,2024-12-01,2024-12,retail,416175,0,0.2245186665,0.1929824561,0
CV202412-0019,2024-12-01,2024-12,retail,2716625,0,0.1282067368,0.1001084329,0
CV202412-0020,2024-12-01,2024-12,small_business,963039,0,0.0967905387,0.0941176471,0
CV202412-0021,2024-12-01,2024-12,retail,2111272,1,0.2670463075,0.2105263158,0
CV202412-0022,2024-12-01,2024-12,small_business,240188,0,0.1296318973,0.1428571429,0
CV202412-0023,2024-12-01,2024-12,retail,609593,0,0.0964118948,0.0941176471,0
CV202412-0024,2024-12-01,2024-12,retail,2819979,0,0.1654671057,0.1428571429,0
CV202412-0025,2024-12-01,2024-12,retail,335654,0,0.1089223175,0.0941176471,0
CV202412-0026,2024-12-01,2024-12,retail,489781,0,0.2868330103,0.2105263158,0
CV202412-0027,2024-12-01,2024-12,retail,2539381,1,0.2689493863,0.2105263158,0
CV202412-0028,2024-12-01,2024-12,retail,2818231,0,0.1666252429,0.1428571429,0
CV202412-0029,2024-12-01,2024-12,retail,2642984,0,0.2070333865,0.1428571429,0
CV202412-0030,2024-12-01,2024-12,retail,2132028,0,0.280846367,0.2105263158,0
CV202412-0031,2024-12-01,2024-12,small_business,1567240,1,0.3075987811,0.3333333333,0
CV202412-0032,2024-12-01,2024-12,retail,2946004,0,0.1415825041,0.1428571429,0
CV202412-0033,2024-12-01,2024-12,retail,1568928,0,0.0843040099,0.0,0
CV202412-0034,2024-12-01,2024-12,small_business,2402067,0,0.1253927807,0.0941176471,0
CV202412-0035,2024-12-01,2024-12,retail,2241075,0,0.127999605,0.0941176471,0
CV202412-0036,2024-12-01,2024-12,small_business,2904154,0,0.1360772509,0.1428571429,0
CV202412-0037,2024-12-01,2024-12,retail,1306529,0,0.0721848715,0.0,0
CV202412-0038,2024-12-01,2024-12,retail,906483,0,0.0696157009,0.0,0
CV202412-0039,2024-12-01,2024-12,small_business,2288526,1,0.3367349668,0.4219763165,0
CV202412-0040,2024-12-01,2024-12,retail,1637968,0,0.1207875078,0.0941176471,0
CV202412-0041,2024-12-01,2024-12,retail,1967827,0,0.3267416798,0.3333333333,0
CV202412-0042,2024-12-01,2024-12,retail,1554123,1,0.2187857068,0.1929824561,0
CV202412-0043,2024-12-01,2024-12,retail,400794,0,0.1013021455,0.0941176471,0
CV202412-0044,2024-12-01,2024-12,small_business,2514420,0,0.1663668063,0.1428571429,0
CV202412-0045,2024-12-01,2024-12,retail,1327872,0,0.1050601319,0.0941176471,0
CV202412-0046,2024-12-01,2024-12,retail,2158951,0,0.1631761479,0.1428571429,0
CV202412-0047,2024-12-01,2024-12,retail,423012,1,0.3377174953,0.4545454545,1
CV202412-0048,2024-12-01,2024-12,retail,583922,0,0.170322535,0.1428571429,0
CV202412-0049,2024-12-01,2024-12,retail,1080325,0,0.2514125223,0.2105263158,0
CV202412-0050,2024-12-01,2024-12,small_business,1823267,1,0.3605223988,0.5,1
CV202412-0051,2024-12-01,2024-12,retail,2777680,1,0.2573989549,0.2105263158,0
CV202412-0052,2024-12-01,2024-12,small_business,2487461,1,0.173707208,0.1428571429,0
CV202412-0053,2024-12-01,2024-12,retail,2779675,0,0.1546117824,0.1428571429,0
CV202412-0054,2024-12-01,2024-12,retail,504283,0,0.1702859022,0.1428571429,0
CV202412-0055,2024-12-01,2024-12,retail,2648607,1,0.1969454401,0.1428571429,0
CV202412-0056,2024-12-01,2024-12,retail,1971621,0,0.19142833,0.1428571429,0
CV202412-0057,2024-12-01,2024-12,retail,1328774,0,0.1314953813,0.1428571429,0
CV202412-0058,2024-12-01,2024-12,retail,1856753,1,0.072701823,0.0,0
CV202412-0059,2024-12-01,2024-12,retail,1808799,0,0.212762413,0.1793713693,0
CV202412-0060,2024-12-01,2024-12,retail,2767835,0,0.2510743775,0.2105263158,0
CV202412-0061,2024-12-01,2024-12,retail,554932,0,0.1265526159,0.0941176471,0
CV202412-0062,2024-12-01,2024-12,retail,1459050,0,0.1233324445,0.0941176471,0
CV202412-0063,2024-12-01,2024-12,retail,2737696,0,0.2230854432,0.1929824561,0
CV202412-0064,2024-12-01,2024-12,small_business,1249370,1,0.5813693541,0.6551724138,1
CV202412-0065,2024-12-01,2024-12,retail,775596,0,0.1389086249,0.1428571429,0
CV202412-0066,2024-12-01,2024-12,small_business,984839,0,0.2553344288,0.2105263158,0
CV202412-0067,2024-12-01,2024-12,retail,1448845,1,0.1193214129,0.0941176471,0
CV202412-0068,2024-12-01,2024-12,retail,2157346,0,0.1253521356,0.0941176471,0
CV202412-0069,2024-12-01,2024-12,retail,1347088,1,0.0793329069,0.0,0
CV202412-0070,2024-12-01,2024-12,retail,1440099,0,0.1994931565,0.1428571429,0
CV202412-0071,2024-12-01,2024-12,retail,559337,0,0.2263001113,0.1929824561,0
CV202412-0072,2024-12-01,2024-12,retail,1258459,1,0.2396609027,0.1929824561,0
CV202412-0073,2024-12-01,2024-12,retail,372819,0,0.0988101398,0.0941176471,0
CV202412-0074,2024-12-01,2024-12,retail,1038734,0,0.1282005471,0.0998621148,0
CV202412-0075,2024-12-01,2024-12,retail,1002291,0,0.0580281404,0.0,0
CV202412-0076,2024-12-01,2024-12,small_business,1942998,0,0.1863022086,0.1428571429,0
CV202412-0077,2024-12-01,2024-12,retail,2635677,1,0.1367468962,0.1428571429,0
CV202412-0078,2024-12-01,2024-12,retail,473231,0,0.1577930537,0.1428571429,0
CV202412-0079,2024-12-01,2024-12,retail,2725328,0,0.1227847256,0.0941176471,0
